{
  "height": 22.631578947368421,
  "tabOrder": 9000,
  "width": 95.789473684210535,
  "x": 95.78947368421052,
  "y": 0,
  "z": 1000
}