{
  "height": 22.58064516129032,
  "tabOrder": 11000,
  "width": 83.2258064516129,
  "x": 83.225806451612911,
  "y": 0,
  "z": 1000
}