{
  "height": 448.509826951587,
  "tabOrder": 7000,
  "width": 939.38072390606442,
  "x": 207.88847572766187,
  "y": 308.73487622367793,
  "z": 9000
}