{
  "height": 55.819548872180448,
  "tabOrder": 22000,
  "width": 565.89473684210532,
  "x": 581.88568932705209,
  "y": 0,
  "z": 2000
}