{
  "height": 23.076923076923077,
  "tabOrder": 1000,
  "width": 96.92307692307692,
  "x": 97.692307692307679,
  "y": 0,
  "z": 1000
}