{
  "height": 23,
  "tabOrder": 1000,
  "width": 244.44444444444443,
  "x": 193.14532871972318,
  "y": 1.8304498269895764,
  "z": 1000
}