{
  "height": 88.3054700899034,
  "tabOrder": 2000,
  "width": 216.92307692307691,
  "x": 82.457729603979232,
  "y": 368.655432948463,
  "z": 4000
}