{
  "height": 61.710730948678076,
  "tabOrder": 3000,
  "width": 218.97356143079315,
  "x": 20.358285341930777,
  "y": 348.89480316281845,
  "z": 1000
}