{
  "height": 26.923076923076923,
  "tabOrder": 38000,
  "width": 216.92307692307691,
  "x": 0,
  "y": 0,
  "z": 2000
}