{
  "height": 22.58064516129032,
  "tabOrder": 15,
  "width": 83.2258064516129,
  "x": 166.45161290322579,
  "y": 0,
  "z": 2000
}