{
  "height": 26,
  "width": 66.348547717842322,
  "x": 64.974840729942926,
  "y": 0,
  "z": 0
}