{
  "height": 22.857142857142858,
  "tabOrder": 2000,
  "width": 75.714285714285722,
  "x": 87.142857142857153,
  "y": 1.4285714285714286,
  "z": 2000
}