{
  "name": "12e3d65300a0fa6b9046",
  "layouts": [
    {
      "id": 0,
      "position": {
        "height": 22.916666666666686,
        "width": 402.5,
        "x": 113.33333333333334,
        "y": 295,
        "z": 1500,
        "tabOrder": 5000
      }
    }
  ],
  "singleVisualGroup": {
    "displayName": "N-Secondary tab buttons",
    "groupMode": 0,
    "isHidden": true
  }
}