{
  "height": 22.916666666666686,
  "tabOrder": 5000,
  "width": 402.5,
  "x": 113.33333333333334,
  "y": 295,
  "z": 1500
}