{
  "height": 25,
  "tabOrder": 10001,
  "width": 85,
  "x": 84.54927884615384,
  "y": 0.19381009615381117,
  "z": 0
}