{
  "height": 105.47486033519554,
  "tabOrder": 1000,
  "width": 110.83798882681565,
  "x": 73.012970418785358,
  "y": 343.03496661639144,
  "z": 1000
}