{
  "height": 33.966480446927378,
  "tabOrder": 12000,
  "width": 98.324022346368722,
  "x": 868.8268156424582,
  "y": 391.50837988826817,
  "z": 7125
}