{
  "name": "e9f3be8b5a0afa1404ab",
  "layouts": [
    {
      "id": 0,
      "position": {
        "height": 448.509826951587,
        "width": 939.38072390606442,
        "x": 207.88847572766187,
        "y": 308.73487622367793,
        "z": 500,
        "tabOrder": 11001
      }
    }
  ],
  "singleVisualGroup": {
    "displayName": "Heatmap elements",
    "groupMode": 0,
    "isHidden": false
  }
}