{
  "height": 23.076923076923077,
  "tabOrder": 8000,
  "width": 95,
  "x": 0,
  "y": 117.30769230769229,
  "z": 7000
}