{
  "height": 22.631578947368421,
  "tabOrder": 12000,
  "width": 95.789473684210535,
  "x": 191.57894736842104,
  "y": 0,
  "z": 2000
}