{
  "height": 89.98885764867164,
  "tabOrder": 3000,
  "width": 204.72049689440993,
  "x": 100.97226033808923,
  "y": 351.12019775601539,
  "z": 4000
}