{
  "height": 22.307692307692307,
  "tabOrder": 13,
  "width": 83.84615384615384,
  "x": 0,
  "y": 0,
  "z": 0
}