{
  "height": 408.63849765258215,
  "tabOrder": 9000,
  "width": 1138,
  "x": 10.190923317683882,
  "y": 0.54773082942097062,
  "z": 2000
}