{
  "name": "6c590a21405b9d32e50d",
  "layouts": [
    {
      "id": 0,
      "position": {
        "height": 23.076923076923077,
        "width": 403.076923076923,
        "x": 112.69789983844912,
        "y": 295.70274636510504,
        "z": 3000,
        "tabOrder": 1000
      }
    }
  ],
  "singleVisualGroup": {
    "displayName": "N-Secondary Tab buttons",
    "groupMode": 0,
    "isHidden": true
  }
}