{
  "name": "6c590a21405b9d32e50d",
  "layouts": [
    {
      "id": 0,
      "position": {
        "height": 23.076923076923077,
        "width": 403.07692307692304,
        "x": 116.15384615384615,
        "y": 295.38461538461536,
        "z": 3000,
        "tabOrder": 1000
      }
    }
  ],
  "singleVisualGroup": {
    "displayName": "N-Secondary Tab buttons",
    "groupMode": 0,
    "isHidden": false
  }
}