{
  "height": 23.076923076923077,
  "tabOrder": 1000,
  "width": 403.076923076923,
  "x": 112.69789983844912,
  "y": 295.70274636510504,
  "z": 3000
}