{
  "height": 23.076923076923077,
  "tabOrder": 1000,
  "width": 403.07692307692304,
  "x": 116.15384615384615,
  "y": 295.38461538461536,
  "z": 3000
}