{
  "name": "6ead14a9c072ec8d8fc7",
  "layouts": [
    {
      "id": 0,
      "position": {
        "height": 493.59756097560978,
        "width": 746.25,
        "x": 382.5,
        "y": 248.90243902439025,
        "z": 1000,
        "tabOrder": 2010
      }
    }
  ],
  "singleVisualGroup": {
    "displayName": "Nav buttons",
    "groupMode": 0
  }
}