{
  "height": 493.59756097560978,
  "tabOrder": 2010,
  "width": 746.25,
  "x": 382.5,
  "y": 248.90243902439025,
  "z": 1000
}