{
  "height": 23,
  "tabOrder": 1000,
  "width": 216.47058823529412,
  "x": 178.23529411764707,
  "y": 0,
  "z": 1000
}