{
  "height": 23,
  "tabOrder": 8,
  "width": 96.470588235294116,
  "x": 95.64705882352942,
  "y": 0,
  "z": 1000
}