{
  "height": 252.24771472249088,
  "tabOrder": 9000,
  "width": 1147.7804261691574,
  "x": 114.89626556016597,
  "y": 123.18796992481202,
  "z": 5000
}