{
  "height": 407.30769230769226,
  "tabOrder": 3000,
  "width": 95,
  "x": 4.3685408875044427,
  "y": 118.90432076732712,
  "z": 3000
}