{
  "height": 99.404721329573135,
  "tabOrder": 4000,
  "width": 71,
  "x": 90.56288328782037,
  "y": 344.1012005900252,
  "z": 3000
}