{
  "height": 40.456431535269708,
  "tabOrder": 18000,
  "width": 61.493775933609953,
  "x": 20.619932792241435,
  "y": 48.23601013071562,
  "z": 0
}