{
  "name": "db4caf7db567ba8c0c2e",
  "layouts": [
    {
      "id": 0,
      "position": {
        "height": 252.24771472249088,
        "width": 1147.7804261691574,
        "x": 114.89626556016597,
        "y": 123.18796992481202,
        "z": 7000,
        "tabOrder": 4000
      }
    }
  ],
  "singleVisualGroup": {
    "displayName": "Filter",
    "groupMode": 0,
    "isHidden": true
  }
}