{
  "name": "959ef1c68a31f9ea6283",
  "layouts": [
    {
      "id": 0,
      "position": {
        "height": 93.612197848231233,
        "width": 61.661644944129762,
        "x": 1.7417309371097929,
        "y": 349.51512377632207,
        "z": 2000,
        "tabOrder": 0
      }
    }
  ],
  "singleVisualGroup": {
    "displayName": "min legend",
    "groupMode": 0
  },
  "parentGroupName": "e5a6700ead282781b0a2"
}