{
  "height": 93.612197848231233,
  "width": 61.661644944129762,
  "x": 1.7417309371097929,
  "y": 349.51512377632207,
  "z": 2000
}