{
  "height": 22.857142857142858,
  "tabOrder": 10001,
  "width": 75.714285714285722,
  "x": 86.4656050588118,
  "y": 1.890930646117355,
  "z": 2000
}