{
  "height": 27.5103734439834,
  "tabOrder": 1000,
  "width": 85.767634854771785,
  "x": 0,
  "y": 0,
  "z": 0
}