{
  "height": 56.92307692307692,
  "tabOrder": 2000,
  "width": 51.53846153846154,
  "x": 13.948077067828649,
  "y": 0,
  "z": 2000
}