{
  "height": 23.125,
  "tabOrder": 2000,
  "width": 286.875,
  "x": 111.59240236040205,
  "y": 75.625041367475546,
  "z": 5000
}