{
  "height": 23.684210526315791,
  "width": 145.26315789473685,
  "x": 112.10526315789474,
  "y": 76.8421052631579,
  "z": 3000
}