{
  "height": 55.0207468879668,
  "tabOrder": 10006,
  "width": 564.77178423236512,
  "x": 0,
  "y": 197.22696783452409,
  "z": 4000
}