{
  "height": 25.679012345679013,
  "tabOrder": 10022,
  "width": 67.1604938271605,
  "x": 0,
  "y": 0,
  "z": 0
}