{
  "height": 23.076923076923077,
  "tabOrder": 17000,
  "width": 95,
  "x": 0,
  "y": 384.23076923076917,
  "z": 0
}