{
  "name": "ff0d3faf1f6136aece25",
  "layouts": [
    {
      "id": 0,
      "position": {
        "x": 86.0820307974881,
        "y": 336.20071452475543,
        "z": 3000,
        "width": 71,
        "height": 105.43830305270973,
        "tabOrder": 1000
      }
    }
  ],
  "singleVisualGroup": {
    "displayName": "middel legend",
    "groupMode": 0
  },
  "parentGroupName": "7d06714a0057f94f7669"
}