{
  "name": "d768baf3ab3f1999d7c8",
  "layouts": [
    {
      "id": 0,
      "position": {
        "height": 23.105042016806721,
        "width": 283.88235294117646,
        "x": 122,
        "y": 78.82352941176471,
        "z": 3000,
        "tabOrder": 1000
      }
    }
  ],
  "singleVisualGroup": {
    "displayName": "Primary Tab buttons",
    "groupMode": 0
  }
}