{
  "height": 23.105042016806721,
  "tabOrder": 1000,
  "width": 283.88235294117646,
  "x": 122,
  "y": 78.82352941176471,
  "z": 3000
}