{
  "height": 40.456431535269708,
  "tabOrder": 1000,
  "width": 61.493775933609953,
  "x": 68.885228758859768,
  "y": 49.532426113401925,
  "z": 0
}