{
  "height": 25.714285714285715,
  "width": 80,
  "x": 166.41850705706392,
  "y": 0,
  "z": 1000
}