{
  "height": 22.58064516129032,
  "tabOrder": 8000,
  "width": 83.2258064516129,
  "x": 0,
  "y": 0,
  "z": 0
}