{
  "name": "c453ea1c52cdc2d4c903",
  "layouts": [
    {
      "id": 0,
      "position": {
        "x": 90.56288328782037,
        "y": 344.1012005900252,
        "z": 3000,
        "width": 71,
        "height": 99.404721329573135,
        "tabOrder": 2000
      }
    }
  ],
  "singleVisualGroup": {
    "displayName": "middel legend",
    "groupMode": 0
  },
  "parentGroupName": "f371ac3398168b04ad4c"
}