{
  "height": 22.307692307692307,
  "tabOrder": 1,
  "width": 82.6923076923077,
  "x": 166.53846153846155,
  "y": 0,
  "z": 2000
}