{
  "height": 40.456431535269708,
  "tabOrder": 5000,
  "width": 60,
  "x": 1.6182572614108039,
  "y": 64.981871517440027,
  "z": 1000
}