{
  "height": 25.193810096153811,
  "tabOrder": 3000,
  "width": 253.20312499999997,
  "x": 107.95072115384616,
  "y": 296.05618990384619,
  "z": 1000
}