{
  "height": 40.456431535269708,
  "width": 61.493775933609953,
  "x": 0,
  "y": 22.920680828896138,
  "z": 1000
}