{
  "height": 40.456431535269708,
  "tabOrder": 4000,
  "width": 61.493775933609953,
  "x": 79.284426363072384,
  "y": 47.849038554633694,
  "z": 0
}