{
  "height": 25.482388973966309,
  "width": 78.407350689127114,
  "x": 170.53598774885145,
  "y": 0,
  "z": 1000
}