{
  "height": 23.636363636363633,
  "tabOrder": 1000,
  "width": 180.90909090909091,
  "x": 0,
  "y": 0,
  "z": 0
}