{
  "name": "d24f2822cabe4e9a7e88",
  "layouts": [
    {
      "id": 0,
      "position": {
        "height": 23.636363636363626,
        "width": 403.63636363636363,
        "x": 112.72727272727272,
        "y": 294.5454545454545,
        "z": 7812,
        "tabOrder": 1000
      }
    }
  ],
  "singleVisualGroup": {
    "displayName": "N-Secondary tab buttons",
    "groupMode": 0,
    "isHidden": false
  }
}