{
  "height": 23.636363636363626,
  "tabOrder": 1000,
  "width": 403.63636363636363,
  "x": 112.72727272727272,
  "y": 294.5454545454545,
  "z": 1000
}