{
  "height": 23.076923076923077,
  "tabOrder": 9000,
  "width": 95,
  "x": 0,
  "y": 77.692307692307679,
  "z": 8000
}