{
  "name": "e5a6700ead282781b0a2",
  "layouts": [
    {
      "id": 0,
      "position": {
        "height": 448.509826951587,
        "width": 920.67039106145262,
        "x": 226.59843926206258,
        "y": 300.76856826452342,
        "z": 5000,
        "tabOrder": 8000
      }
    }
  ],
  "singleVisualGroup": {
    "displayName": "Heatmap elements",
    "groupMode": 0,
    "isHidden": false
  }
}