{
  "height": 448.509826951587,
  "tabOrder": 8000,
  "width": 920.67039106145262,
  "x": 226.59843926206258,
  "y": 300.76856826452342,
  "z": 5000
}