{
  "height": 23.333333333333336,
  "tabOrder": 15,
  "width": 81.666666666666671,
  "x": 166.45833333333337,
  "y": 4.4791666666666714,
  "z": 2000
}