{
  "height": 22.631578947368425,
  "tabOrder": 3000,
  "width": 287.36842105263156,
  "x": 113.42105263157896,
  "y": 74.21052631578948,
  "z": 2000
}