{
  "height": 26.666666666666664,
  "tabOrder": 10010,
  "width": 66.666666666666657,
  "x": 0,
  "y": 0.81200734261961216,
  "z": 1000
}