{
  "name": "21057cb2b9ca3042d8ee",
  "layouts": [
    {
      "id": 0,
      "position": {
        "x": 0,
        "y": 121.42857142857143,
        "z": 4000,
        "width": 100,
        "height": 403.57142857142856,
        "tabOrder": 5000
      }
    }
  ],
  "singleVisualGroup": {
    "displayName": "Side Nav buttons",
    "groupMode": 0
  }
}