{
  "height": 403.57142857142856,
  "tabOrder": 5000,
  "width": 100,
  "x": 0,
  "y": 121.42857142857143,
  "z": 4000
}