{
  "height": 26,
  "tabOrder": 48000,
  "width": 66.348547717842322,
  "x": 950.69254185692535,
  "y": 0,
  "z": 2000
}