{
  "name": "3b0868edff7056d16055",
  "layouts": [
    {
      "id": 0,
      "position": {
        "x": 111.59240236040205,
        "y": 75.625041367475546,
        "z": 4500,
        "width": 286.875,
        "height": 23.125,
        "tabOrder": 1000
      }
    }
  ],
  "singleVisualGroup": {
    "displayName": "Primary tab buttons",
    "groupMode": 0
  }
}