{
  "name": "c019346f04e4e67e7d11",
  "layouts": [
    {
      "id": 0,
      "position": {
        "height": 88.692441665985342,
        "width": 101.36645962732919,
        "x": 0,
        "y": 354.434879958568,
        "z": 2000,
        "tabOrder": 0
      }
    }
  ],
  "singleVisualGroup": {
    "displayName": "min legend",
    "groupMode": 0
  },
  "parentGroupName": "7d06714a0057f94f7669"
}