{
  "height": 22.5,
  "tabOrder": 9,
  "width": 222.08333333333334,
  "x": 180.41666666666666,
  "y": 0,
  "z": 1000
}