{
  "height": 88.692441665985328,
  "width": 101.36645962732916,
  "x": 0,
  "y": 370.28672759224736,
  "z": 2000
}