{
  "height": 22.307692307692321,
  "tabOrder": 4000,
  "width": 249.23076923076923,
  "x": 112.69230769230769,
  "y": 295.76923076923077,
  "z": 1000
}