{
  "height": 105.47486033519554,
  "tabOrder": 10002,
  "width": 110.83798882681565,
  "x": 91.723303263397185,
  "y": 343.03496661639144,
  "z": 1000
}