{
  "height": 40.456431535269708,
  "width": 60,
  "x": 3.2359547332009697,
  "y": 64.981871517440027,
  "z": 1750
}