{
  "height": 27,
  "tabOrder": 16000,
  "width": 66.348547717842322,
  "x": 951.43153526970946,
  "y": 0,
  "z": 2000
}