{
  "height": 23.529411764705884,
  "width": 194.11764705882354,
  "x": 0,
  "y": 0,
  "z": 0
}