{
  "name": "ebfc6216b105b3109841",
  "layouts": [
    {
      "id": 0,
      "position": {
        "x": 110,
        "y": 293.4375,
        "z": 1000,
        "width": 248.12500000000006,
        "height": 27.812500000000007,
        "tabOrder": 0
      }
    }
  ],
  "singleVisualGroup": {
    "displayName": "C-Secondary Tab buttons",
    "groupMode": 0,
    "isHidden": true
  }
}