{
  "height": 27.812500000000007,
  "width": 248.12500000000006,
  "x": 110,
  "y": 293.4375,
  "z": 1000
}