{
  "height": 40.456431535269708,
  "tabOrder": 2000,
  "width": 50.165975103734439,
  "x": 15.452157609800524,
  "y": 0,
  "z": 2000
}