{
  "height": 40.456431535269708,
  "tabOrder": 10002,
  "width": 61.493775933609953,
  "x": 20.452063781721627,
  "y": 22.000924646650233,
  "z": 1000
}