{
  "name": "2dee048bf1c8111627fc",
  "layouts": [
    {
      "id": 0,
      "position": {
        "height": 88.692441665985342,
        "width": 101.36645962732919,
        "x": 0,
        "y": 354.434879958568,
        "z": 2000,
        "tabOrder": 2000
      }
    }
  ],
  "singleVisualGroup": {
    "displayName": "min legend",
    "groupMode": 0
  },
  "parentGroupName": "d4fc87fe9dd907deadf8"
}