{
  "height": 23.076923076923077,
  "tabOrder": 5000,
  "width": 95,
  "x": 0,
  "y": 228.84615384615384,
  "z": 4000
}