{
  "height": 40.456431535269708,
  "tabOrder": 1000,
  "width": 71,
  "x": 0,
  "y": 32.807210956129147,
  "z": 0
}