{
  "height": 23.076923076923077,
  "tabOrder": 1,
  "width": 96.92307692307692,
  "x": 194.61538461538458,
  "y": 0,
  "z": 2000
}