{
  "height": 27.826086956521738,
  "tabOrder": 2000,
  "width": 204.72049689440993,
  "x": 0,
  "y": 0,
  "z": 2000
}