{
  "name": "2e5a3a134cfc5c28f708",
  "layouts": [
    {
      "id": 0,
      "position": {
        "height": 27.042319747603607,
        "width": 246.41850705706392,
        "x": 113.58149294293608,
        "y": 294.28571428571428,
        "z": 7875,
        "tabOrder": 2000
      }
    }
  ],
  "singleVisualGroup": {
    "displayName": "C-Secondary Tab buttons",
    "groupMode": 0,
    "isHidden": true
  }
}