{
  "height": 27.042319747603607,
  "tabOrder": 2000,
  "width": 246.41850705706392,
  "x": 113.58149294293608,
  "y": 294.28571428571428,
  "z": 7875
}