{
  "name": "ed5e1904d07b5b6bc239",
  "layouts": [
    {
      "id": 0,
      "position": {
        "height": 93.85892116182572,
        "width": 71.203319502074692,
        "x": 71.852550443208543,
        "y": 349.97260694093609,
        "z": 3000,
        "tabOrder": 4000
      }
    }
  ],
  "singleVisualGroup": {
    "displayName": "middel legend",
    "groupMode": 0
  },
  "parentGroupName": "e5a6700ead282781b0a2"
}