{
  "height": 93.85892116182572,
  "tabOrder": 4000,
  "width": 71.203319502074692,
  "x": 71.852550443208543,
  "y": 349.97260694093609,
  "z": 3000
}