{
  "name": "6c4efc0c84dcbd8ae67f",
  "layouts": [
    {
      "id": 0,
      "position": {
        "height": 458.97916925823267,
        "width": 947.49605703596183,
        "x": 199.77314259776446,
        "y": 308.73487622367793,
        "z": 62,
        "tabOrder": 6000
      }
    }
  ],
  "singleVisualGroup": {
    "displayName": "Heatmap elements",
    "groupMode": 0,
    "isHidden": true
  }
}