{
  "height": 458.97916925823267,
  "tabOrder": 6000,
  "width": 947.49605703596183,
  "x": 199.77314259776446,
  "y": 308.73487622367793,
  "z": 62
}