{
  "height": 23,
  "tabOrder": 2,
  "width": 96.071428571428584,
  "x": 0,
  "y": 0.10504201680672054,
  "z": 0
}