{
  "name": "e7d44602cabcdeca02a2",
  "layouts": [
    {
      "id": 0,
      "position": {
        "height": 407.30769230769226,
        "width": 95,
        "x": 5.1275764569044648,
        "y": 118.75000198294471,
        "z": 3000,
        "tabOrder": 8000
      }
    }
  ],
  "singleVisualGroup": {
    "displayName": "Side Nav buttons",
    "groupMode": 0
  }
}