{
  "height": 27.826086956521738,
  "tabOrder": 24000,
  "width": 101.36645962732918,
  "x": 0,
  "y": 0,
  "z": 2000
}