{
  "height": 23.076923076923077,
  "tabOrder": 10000,
  "width": 95,
  "x": 0,
  "y": 38.84615384615384,
  "z": 0
}