{
  "height": 27.47867400928628,
  "width": 131.32338844778525,
  "x": 0,
  "y": 0,
  "z": 0
}