{
  "height": 40.456431535269708,
  "width": 61.493775933609953,
  "x": 67.266971497448964,
  "y": 23.391347275227652,
  "z": 1000
}