{
  "height": 23.333333333333336,
  "tabOrder": 10,
  "width": 81.666666666666671,
  "x": 84.791666666666686,
  "y": 3.645833333333357,
  "z": 1000
}