{
  "height": 23.076923076923077,
  "tabOrder": 2,
  "width": 223.07692307692307,
  "x": 180,
  "y": 0,
  "z": 1000
}