{
  "height": 23,
  "tabOrder": 1000,
  "width": 394.70588235294122,
  "x": 121.76470588235294,
  "y": 297.05882352941177,
  "z": 2000
}