{
  "height": 126.4896755162242,
  "tabOrder": 7000,
  "width": 1147.8466076696166,
  "x": 115.16224188790561,
  "y": 623.00884955752213,
  "z": 6000
}