{
  "height": 22.307692307692307,
  "tabOrder": 9,
  "width": 82.6923076923077,
  "x": 83.846153846153825,
  "y": 0,
  "z": 1000
}