{
  "height": 30.121951219512194,
  "tabOrder": 2000,
  "width": 33.292682926829272,
  "x": 616.28048780487813,
  "y": 0,
  "z": 2000
}