{
  "height": 56.92307692307692,
  "tabOrder": 26000,
  "width": 51.53846153846154,
  "x": 12.330379596038483,
  "y": 0,
  "z": 2000
}