{
  "height": 55.819548872180448,
  "tabOrder": 1000,
  "width": 565,
  "x": 0.10373443983402808,
  "y": 84.691729323308266,
  "z": 1000
}