{
  "name": "deec0b635b59d2fcd476",
  "layouts": [
    {
      "id": 0,
      "position": {
        "height": 252.24771472249088,
        "width": 1147.7804261691574,
        "x": 114.89626556016597,
        "y": 123.18796992481202,
        "z": 11500,
        "tabOrder": 6000
      }
    }
  ],
  "singleVisualGroup": {
    "displayName": "Filter",
    "groupMode": 0,
    "isHidden": false
  }
}