{
  "name": "f5bb5e0caed18cacbf5f",
  "layouts": [
    {
      "id": 0,
      "position": {
        "height": 24.830449826989579,
        "width": 437.58977316416758,
        "x": 113.85467128027682,
        "y": 296.16955017301041,
        "z": 2000,
        "tabOrder": 1000
      }
    }
  ],
  "singleVisualGroup": {
    "displayName": "Secondary Tab buttons",
    "groupMode": 0
  }
}