{
  "height": 24.830449826989579,
  "tabOrder": 1000,
  "width": 437.58977316416758,
  "x": 113.85467128027682,
  "y": 296.16955017301041,
  "z": 2000
}