{
  "height": 26,
  "tabOrder": 1000,
  "width": 130.92350362613169,
  "x": 0.39988482165366568,
  "y": 0,
  "z": 1000
}