{
  "height": 23.076923076923077,
  "tabOrder": 4000,
  "width": 95,
  "x": 0,
  "y": 268.46153846153845,
  "z": 3000
}