{
  "name": "24cc3177aa4ea2ab48a5",
  "layouts": [
    {
      "id": 0,
      "position": {
        "height": 407.30769230769226,
        "width": 95,
        "x": 5.1275764569044648,
        "y": 118.75000198294471,
        "z": 5000,
        "tabOrder": 4000
      }
    }
  ],
  "singleVisualGroup": {
    "displayName": "Side Nav buttons",
    "groupMode": 0
  }
}