{
  "height": 407.30769230769226,
  "tabOrder": 4000,
  "width": 95,
  "x": 5.1275764569044648,
  "y": 118.75000198294471,
  "z": 5000
}