{
  "height": 105.43830305270973,
  "tabOrder": 7000,
  "width": 71,
  "x": 86.0820307974881,
  "y": 336.20071452475543,
  "z": 3000
}