{
  "height": 88.692441665985342,
  "tabOrder": 1000,
  "width": 101.36645962732919,
  "x": 0,
  "y": 354.434879958568,
  "z": 2000
}