{
  "height": 23,
  "tabOrder": 13,
  "width": 91.764705882352942,
  "x": 192.11764705882354,
  "y": 0,
  "z": 2000
}