{
  "height": 105.43830305270973,
  "tabOrder": 1000,
  "width": 73.75,
  "x": 76.349000195800585,
  "y": 352.0525621584348,
  "z": 3000
}