{
  "height": 55.819548872180448,
  "tabOrder": 8000,
  "width": 565.89473684210532,
  "x": 581.88568932705209,
  "y": 84.691729323308266,
  "z": 3000
}