{
  "name": "d4fc87fe9dd907deadf8",
  "layouts": [
    {
      "id": 0,
      "position": {
        "height": 448.509826951587,
        "width": 939.38072390606442,
        "x": 207.88847572766187,
        "y": 308.73487622367793,
        "z": 6250,
        "tabOrder": 8000
      }
    }
  ],
  "singleVisualGroup": {
    "displayName": "Heatmap elements",
    "groupMode": 0,
    "isHidden": false
  }
}