{
  "height": 42.5,
  "width": 78.75,
  "x": 10.417054005317006,
  "y": 22.2878047721926,
  "z": 1000
}