{
  "height": 23.076923076923077,
  "tabOrder": 6000,
  "width": 95,
  "x": 0,
  "y": 191.92307692307693,
  "z": 5000
}