{
  "height": 40.456431535269708,
  "tabOrder": 1000,
  "width": 61.493775933609953,
  "x": 1.6182572614108039,
  "y": 49.061759667070419,
  "z": 0
}