{
  "height": 23.636363636363633,
  "width": 222.72727272727272,
  "x": 180.90909090909091,
  "y": 0,
  "z": 1000
}