{
  "height": 22.916666666666668,
  "tabOrder": 3,
  "width": 180.41666666666669,
  "x": 0,
  "y": 0,
  "z": 0
}