{
  "name": "172bbc22bd6088153548",
  "layouts": [
    {
      "id": 0,
      "position": {
        "height": 27.5103734439834,
        "width": 248.94333843797858,
        "x": 114.25874502698143,
        "y": 293.82335506816833,
        "z": 2000,
        "tabOrder": 2000
      }
    }
  ],
  "singleVisualGroup": {
    "displayName": "C-Secondary Tab buttons",
    "groupMode": 0,
    "isHidden": true
  }
}