{
  "height": 27.5103734439834,
  "tabOrder": 2000,
  "width": 248.94333843797858,
  "x": 114.25874502698143,
  "y": 293.82335506816833,
  "z": 2000
}