{
  "height": 24.545454545454547,
  "width": 292.72727272727269,
  "x": 110,
  "y": 75.454545454545453,
  "z": 3000
}