{
  "name": "964d5f70fa289e905b7c",
  "layouts": [
    {
      "id": 0,
      "position": {
        "height": 90.62240663900414,
        "width": 63.112033195020743,
        "x": 149.52889899092636,
        "y": 351.59086420234689,
        "z": 4000,
        "tabOrder": 2000
      }
    }
  ],
  "singleVisualGroup": {
    "displayName": "Max legend",
    "groupMode": 0
  },
  "parentGroupName": "e5a6700ead282781b0a2"
}