{
  "height": 90.62240663900414,
  "tabOrder": 2000,
  "width": 63.112033195020743,
  "x": 149.52889899092636,
  "y": 351.59086420234689,
  "z": 4000
}