{
  "height": 26,
  "tabOrder": 10020,
  "width": 66.348547717842322,
  "x": 64.574955908289382,
  "y": 0,
  "z": 1000
}