{
  "height": 23.240223463687151,
  "tabOrder": 1000,
  "width": 75.083798882681563,
  "x": 0,
  "y": 3.8020962839164554,
  "z": 0
}