{
  "height": 40.456431535269708,
  "tabOrder": 10010,
  "width": 61.493775933609953,
  "x": 77.66616910166158,
  "y": 21.707959716459413,
  "z": 1000
}