{
  "height": 23.076923076923077,
  "tabOrder": 29000,
  "width": 95,
  "x": 0,
  "y": 306.92307692307691,
  "z": 2000
}