{
  "height": 445.13966480446931,
  "tabOrder": 4000,
  "width": 920.67039106145262,
  "x": 18.710332844611834,
  "y": 0,
  "z": 0
}