{
  "name": "d85099b1852deb5e0d70",
  "layouts": [
    {
      "id": 0,
      "position": {
        "height": 23.076923076923066,
        "width": 403.076923076923,
        "x": 116.15384615384615,
        "y": 295.38461538461536,
        "z": 1000,
        "tabOrder": 2000
      }
    }
  ],
  "singleVisualGroup": {
    "displayName": "N-Secondary Tab buttons",
    "groupMode": 0,
    "isHidden": false
  }
}