{
  "height": 23.076923076923066,
  "tabOrder": 2000,
  "width": 403.076923076923,
  "x": 116.15384615384615,
  "y": 295.38461538461536,
  "z": 2000
}