{
  "height": 40.456431535269708,
  "tabOrder": 1000,
  "width": 61.493775933609953,
  "x": 0.16786901051980863,
  "y": 53.155766312961532,
  "z": 0
}