{
  "name": "fa694be255a45dc0ab17",
  "layouts": [
    {
      "id": 0,
      "position": {
        "x": 1067.025159270057,
        "y": 360,
        "z": 7000,
        "width": 131.32338844778536,
        "height": 27.47867400928628,
        "tabOrder": 9000
      }
    }
  ],
  "singleVisualGroup": {
    "displayName": "PD charts tabs",
    "groupMode": 0,
    "isHidden": false
  }
}