{
  "height": 55.819548872180448,
  "width": 565,
  "x": 0.59245624434529987,
  "y": 0,
  "z": 0
}