{
  "height": 23.076923076923077,
  "tabOrder": 13,
  "width": 96.92307692307692,
  "x": 0,
  "y": 0,
  "z": 0
}