{
  "height": 33.75,
  "width": 66.25,
  "x": 70.673076923076934,
  "y": 24.326923076923066,
  "z": 1000
}