{
  "name": "dc32c39eaa3fb60bd7bc",
  "layouts": [
    {
      "id": 0,
      "position": {
        "height": 88.305470089903451,
        "width": 216.92307692307691,
        "x": 90.573062733876583,
        "y": 352.80358531478362,
        "z": 4000,
        "tabOrder": 11001
      }
    }
  ],
  "singleVisualGroup": {
    "displayName": "max legend",
    "groupMode": 0
  },
  "parentGroupName": "a5f422bfdb8205345887"
}