{
  "height": 88.305470089903451,
  "tabOrder": 11001,
  "width": 216.92307692307691,
  "x": 90.573062733876583,
  "y": 352.80358531478362,
  "z": 4000
}