{
  "height": 23.076923076923077,
  "tabOrder": 40000,
  "width": 95,
  "x": 0,
  "y": 153.46153846153848,
  "z": 6000
}