{
  "height": 445.13966480446931,
  "tabOrder": 3000,
  "width": 920.67039106145262,
  "x": 0,
  "y": 0,
  "z": 0
}