{
  "height": 40.456431535269708,
  "tabOrder": 1000,
  "width": 71,
  "x": 0,
  "y": 26.935804605218209,
  "z": 0
}