{
  "height": 27,
  "tabOrder": 15000,
  "width": 66.348547717842322,
  "x": 1017.7800829875519,
  "y": 0,
  "z": 1000
}