{
  "height": 407.30769230769226,
  "tabOrder": 3000,
  "width": 95,
  "x": 9.615384615384615,
  "y": 118.84615384615384,
  "z": 4000
}