{
  "height": 40.456431535269708,
  "tabOrder": 19000,
  "width": 71,
  "x": 0,
  "y": 38.840792679265746,
  "z": 0
}