{
  "height": 23.636363636363633,
  "tabOrder": 1000,
  "width": 96.36363636363636,
  "x": 100,
  "y": 0,
  "z": 1000
}