{
  "name": "7fd14a5d3239821d6ee1",
  "layouts": [
    {
      "id": 0,
      "position": {
        "height": 252.24771472249088,
        "width": 1147.7804261691574,
        "x": 114.89626556016597,
        "y": 123.18796992481202,
        "z": 6000,
        "tabOrder": 12000
      }
    }
  ],
  "singleVisualGroup": {
    "displayName": "Filter",
    "groupMode": 0,
    "isHidden": false
  }
}