{
  "height": 23.07692307692308,
  "width": 291.53846153846149,
  "x": 115.38461538461539,
  "y": 76.153846153846146,
  "z": 4000
}