{
  "height": 22.631578947368421,
  "tabOrder": 2000,
  "width": 95.789473684210535,
  "x": 0,
  "y": 0,
  "z": 0
}