{
  "height": 23.636363636363633,
  "width": 96.36363636363636,
  "x": 196.36363636363632,
  "y": 0.90909090909090651,
  "z": 2000
}