{
  "height": 40.456431535269708,
  "width": 60,
  "x": 1.6182572614108039,
  "y": 53.076883443392489,
  "z": 1000
}