{
  "height": 33.966480446927378,
  "tabOrder": 11000,
  "width": 207.37430167597768,
  "x": 679.32960893854749,
  "y": 391.50837988826817,
  "z": 6750
}