{
  "height": 23.75,
  "width": 83.75,
  "x": 169.45312499999997,
  "y": 0.842848557692264,
  "z": 2000
}