{
  "height": 23.684210526315791,
  "tabOrder": 10,
  "width": 145.26315789473685,
  "x": 0,
  "y": 0,
  "z": 0
}