{
  "height": 22.580645161290306,
  "tabOrder": 10000,
  "width": 249.67741935483872,
  "x": 112.58064516129032,
  "y": 295.16129032258061,
  "z": 1000
}