{
  "name": "b1f38d108c5646e47e52",
  "layouts": [
    {
      "id": 0,
      "position": {
        "x": 100.97226033808923,
        "y": 351.12019775601539,
        "z": 4000,
        "width": 204.72049689440993,
        "height": 89.98885764867164,
        "tabOrder": 1000
      }
    }
  ],
  "singleVisualGroup": {
    "displayName": "Max legend",
    "groupMode": 0
  },
  "parentGroupName": "f371ac3398168b04ad4c"
}