{
  "height": 26,
  "tabOrder": 44000,
  "width": 66.348547717842322,
  "x": 1017.0410895747677,
  "y": 0,
  "z": 1000
}