{
  "height": 27.47867400928628,
  "tabOrder": 10000,
  "width": 131.32338844778536,
  "x": 1067.025159270057,
  "y": 360,
  "z": 250
}