{
  "name": "b29d7467273d81dc7e86",
  "layouts": [
    {
      "id": 0,
      "position": {
        "height": 407.30769230769226,
        "width": 95,
        "x": 9.615384615384615,
        "y": 118.84615384615384,
        "z": 1000,
        "tabOrder": 3000
      }
    }
  ],
  "singleVisualGroup": {
    "displayName": "Side Nav buttons",
    "groupMode": 0
  }
}